"Évi",1,0,0,0,0,0,0,0,0,0,0,0,0,0,0,2,0,0,2,0,0,0,0,0,0,0,0,0,2,2,2,0,2,0,0,0,0,0,0,0,0,0,0,0,0,0,0,2,0,0,0,0,0,0,2,0,0,2,2,2,2,2,2,0,0,0,0,0,2,2,2,2,0,2,2,0,0,2,2,0,0,0,2,0,0,0,0,0,2,2,0,0,0,0,0,0,0,2,0,0,2,0,0,0,0,0,2,0,0,0,0,0,0,0,0,0,0,0,0,0,0,0,0,2,0,0,0,0,0,0,2,0,0,0,0,1,1,0,0,0,0,0,0,0,0,0,2,0,0,2,0,0,0,0,0,2,2,0,0,2,0,1,0,0,2,2,1,2,1,0,0,0,0,0,0,2,0,0,0,0,0,0,0,2,0,2,2,1,0,0,0,2,0,0,0,2,0,0,0,0,0,0,0,0,0,2,2,0,0,0,0,0,0,0,0,0,0,0,0,0,0,0,0,0,0,0,0,0,0,0,0,0,0,0,0,"0","0","0","0","0","0","0","0","0","0","0","0","0","0","0","0","0","0","0","0","0","0","0","0","0","0","0","0","0","0","0","0","0","0","0","0","0","0","0","0","0","0","0","0","0","0","0","0","0","0","0","0","0","0","0","0","0","0","0","0","0","0","0","0","0","0","0","0","0","0","0","0","0","0","0","0","0","0","0","0","0","0","0","0","0","0","0","0","0","0","0","0","0","0","0","0","0","0","0","0","0","0","0","0","0","0","0","0","0","0","0","0","0","0","0","0","0","","","","","","","","","-","-","-","-","-","Beethoven","Haydn","Vivaldi","-","Bizet","Bizet","-","Liszt","-","Mozart ","Brahms","-","-","-","Ella Fitzregald","Louis Armstrong ","Frank Sinatra","Peggy Lee","Zalatnay Cini","-","-","-","-","-","-","-","-","-","-","-","-","-","-","Halász Judit","-","-","-","-","-","-","Johny Cash","Fonográf","Illés","Chris Rea","Joe Cocker","Charlie","Edda","Bon Jovi","Deák Bill Gyula","-","-","-","","Little Richard","Elvis Presley","Hungária","Beatles ","Hair","-","Demjén Rózsi, Bergendi","Omega","-","-","Beach boys","Szandi","-","-","-","Kft","-","-","-","-","-","Republik","Queen","-","-","-","-","-","-","-","Depeche mode","-","-","green day","-","-","-","-","-","metallica","-","-","-","-","-","-","-","-","-","-","-","-","-","-","-","-","hare krisna","-","-","-","Csodaszarvas","-","Virágom, virágom","bad romance","-","-","-","-","Carmen","Carmen ","-","-","-","figaro","-","-","-","-","-","what  wonderful world","-","-","Nem vagyok én apáca","-","-","-","-","-","Csinibaba","Fenn a János hegyen","-","Föl, föl ti rabjai a földnek","Somewhere over the rainbow","-","Beverly hills-i zsaru","-","-","Boldog születésnapot","Micimackó","Szomszédok","Malév","Delta","-","-","-","Kisfiam, igy szólt hozzám a dédanyám","Bár most már jól érzem magam","I wanna go with you","You can leave your hat on","-","Egyszer egy szép napon","-","","-","-","-","rock around the clock","Oh Daddy","jail house rock","Csavard fel a szőnyeget","love me","-","Bye bye love","mondd love","petroleum lámpa","-","-","-","Nyugi doki","-","-","-","-","-","-","-","-","-","16 tonna fekete szén","Don't stop me now","-","Mindig lesznek rockerek","-","-","-","-","-","-","-","-","-","-","-","-","-","-","-","-","-","-","-","-","-","-","-","-","-","-"
"Kinga",1,0,0,0,0,0,0,0,0,0,0,0,0,1,0,0,0,0,0,0,0,0,0,0,0,0,0,0,0,2,2,0,2,0,0,0,0,0,0,0,0,0,2,2,0,0,0,2,0,0,0,0,0,0,2,0,0,0,2,2,2,2,0,0,0,0,0,0,2,2,2,0,0,2,2,0,0,2,2,0,0,1,0,2,0,0,0,2,2,2,0,0,0,2,2,0,0,2,0,0,2,2,2,0,0,0,0,0,0,0,0,0,0,0,0,0,0,0,0,0,0,0,0,2,1,2,0,0,0,2,2,0,0,0,0,1,0,2,0,1,0,0,0,0,0,0,2,0,2,2,2,0,0,0,0,2,0,2,0,2,2,1,0,0,2,2,1,0,0,0,0,0,0,0,0,2,2,2,0,0,0,0,0,0,0,2,2,2,2,2,0,2,0,2,2,2,0,0,2,0,2,0,0,0,0,2,2,0,0,0,2,2,0,0,0,0,0,2,0,0,0,0,0,0,0,0,0,0,0,0,0,0,0,0,1,"0","0","0","0","0","0","0","0","0","0","0","0","5","4","4","4","4","4","4","4","4","4","4","5","5","5","0","5","0","0","5","0","5","5","5","5","4","0","0","0","0","0","0","0","0","0","0","0","0","0","0","0","0","0","0","0","0","0","0","0","0","0","5","0","2","5","0","0","0","0","0","0","0","0","0","0","5","0","5","0","0","0","5","0","0","0","0","0","5","2","0","0","0","5","1","1","0","0","0","5","5","0","0","2","0","0","0","0","0","0","0","0","0","0","0","0","0","","","","","","","","","-","-","-","--","Lady Gaga eredetileg","-","-","-","-","-","-","-","-","-","-","-","-","-","-","-","Louis Armstrong","Sinatra","-","Zalatnay Sarolta","-","-","-","-","-","-","-","-","-","Judy Garland énekli itt","Ennio Morricone ?","-","-","-","Halász Judit","Halász Judit","-","-","-","-","-","Johnny Cash","-","-","-","Joe Cocker","Charlie","Edda","Bon Jovi","-","-","-","-","-","-","Elvis Presley","Fenyő Miklós","Beatles","-","-","Demjén Ferenc","Omega","-","-","Beach boys","Szandi","-","-","Bon Jovi ? az tuti, hogy a Csellengők zenéje","-","The Rembrandts","-","-","-","AC/DC","Republic","Queen","-","-","-","Avril Lavigne","Wheatus","-","-","Depeche Mode","-","-","Green day","Offspring","Good Charlotte","-","-","-","-","-","-","-","-","-","-","-","-","-","-","-","-","-","-","-","-","Hare Krisna mantra","Polka","Baj van a részeg tengerésszel","Passz, de a Die Hard 3ban ez dúdolja a gonosz :)","-","-","Tavaszi szél vizet áraszt","Bad Romance","-","-","-","-","Carmen","-","Nászinduló :) De biztos van rendes címe is","-","Carmina Burana","La donna mobile","-","-","-","-","-","What  a wonderful world","-","Lollipop","Nem vagyok én apáca","Tequila","-","-","-","-","Csinibaba","-","Marseilles","-","Over the rainbow","A profi","Beverly Hills-i zsaru","-","-","Boldog születésnapot!","Micimackó","Szomszédok","-","-","-","-","-","-","-","-","You can leave your hat on","Jég dupla whiskeyvel","Elhagyom a várost","-","-","-","-","-","-","-","Jailhouse rock","Csavard fel a szőnyeget","Love me do","I got life (Hair)","I'm a believer","-","Petróleumlámpa","-","California dreaming","I get around","Nyugi doki","-","-","Runaway train","-","I'll be there for you ","-","-","-","-","16 tonna fekete szén","Don't stop me now","-","-","-","Girlfriend","Teenage dirtbag","-","-","-","-","-","Basket case","-","-","-","-","-","-","-","-","-","-","-","-","-","-","","-","Take me on"
"Gábor",1,0,0,0,0,0,0,0,0,0,0,0,0,1,2,0,0,2,0,0,0,2,2,2,0,0,0,0,0,2,2,0,2,0,0,0,0,0,1,0,0,0,1,0,0,0,2,2,1,0,0,0,0,0,0,2,1,0,2,2,2,0,2,0,0,0,0,0,2,2,2,2,0,0,2,2,0,0,0,0,0,0,2,0,0,0,0,2,2,2,2,2,0,0,0,2,2,2,0,0,0,0,0,0,0,2,2,0,0,2,2,0,2,0,2,2,1,0,0,2,0,2,0,2,2,2,2,2,2,2,2,2,0,0,2,0,0,0,1,1,0,0,0,0,0,0,2,0,2,2,0,0,0,0,2,2,1,0,0,2,0,1,2,2,2,0,1,0,1,1,0,0,2,0,0,2,2,2,0,2,0,2,0,0,0,2,2,0,2,0,1,2,2,0,0,0,0,0,0,2,1,0,0,0,2,2,0,2,2,0,0,0,2,2,0,0,0,0,0,0,0,0,0,2,0,0,2,2,0,2,0,2,0,2,2,"5","5","5","5","5","5","4","5","5","5","5","5","5","5","4","4","5","4","4","4","4","5","4","4","3","4","4","3","5","3","4","5","2","3","1","3","2","2","2","4","3","3","3","3","4","5","2","2","3","5","4","1","5","4","3","3","3","5","5","1","4","5","4","3","4","4","4","4","4","3","5","3","2","3","5","4","3","1","2","4","3","4","3","2","3","2","4","4","4","4","3","2","3","2","3","5","2","1","3","3","4","2","1","3","3","4","3","4","5","5","4","3","2","4","2","4","3","","","","","","","","","Dubliners","Gryllus","Ghymes","Hát nem a Freddie Mercury","Lady Gaga","Bach","Bach","Vivaldi","Ludwig van Beethoven","","Ors..?","","Brahms","Carl Orff","Giuseppe Verdi","","","","","","Louis Amstrong","Frank Sinatra","?","Zalatnay Cinike","-","-","-","-","-","Kóos János?","-","","-","Óz a csodák csodája","-","","","Tenacious D","Halász Judit","Micimackó","","-","","","-","-","Skorpió?","Bródy?","-","Joe COcker","Charlie (Horváth Károly)","Edda","Sabbath?","Deák BIll Gyula / Hobo blues band","-","-","-","-","-","Elvis","Fenyő Miki","THe Beatles","Hair","-","-","Omega","The Animals, bár egyesek Bob Dylentől eredeztetik","-","-","-","-","-","-","KFT","","-","-","-","AC/DC","Republic","Queen","Sing sing","Pokolgép","-","-","-","Alvin és a Mókusok","Tankcsapdaaaaaaa","Depeche Mode","-","-","-","-","Green Day / Blink 182","CPG","-","Black Sabbath?","Metallica","AWS","-","Lordi","HammerFall","Korpiklaani?","Marlin Manson","-","Evanescence","Kárpátia","Leander ","","nemtom:(","Dies ire dies illa, solvet seclum imfavilla, teste david cum sibillaaaaaa","XY has a farm..?","Ördög útja (moldvai körtánc)","?","Hare Krishna","Levan Polkka","What should we do with the drunken sailor? ","Johnny I hardly knew ya!","Regős dal","Indulj el egy úton","Tavaszi szél vizet áraszt","Bad Romance","Toccata és fuga","","","V. szimfónia","","","Esküvőinóta:D","Magyar tánc","Carmina Burana","Az asszony ingatag, úgy hajlik mint a nád","?","?","?","Meh! tudnikéne!","?","What a wonderful world","","Lollipop song","Nem vagoyk én apáca","?","-","Idegesítőháttérzene","-","Nekem a Balaton a riviéra","Csinibaba","János hegyen","Olasz himnusz","-","Somewhere over the rainbow","Valami Belmondo film","Crazy frog / Beverly Hills-i zsarú","Clubbed to Death (Mátrix zenéje)","Beelzeboss","BOldog Szülinapot","MInél havazik, annál inkább hull a hó","Szomszédok főtéma","?","Delta intro","Windows zene ","?","?","A dédapám","?","?","You can leave the hat on","Jég dupla Whiskyvel","Elhagyom a várost","?","Hey Joe","?","Postakocsi","?","-","-","Jailhouse rock","Csavard a szőnyeget","-","I've got life","-","Love..?","Petróleum lámpa","House of the rising sun","-","-","-","-","?","-","Balatoni nyár","Friend intro","?","-","?","Big gun","16 tonna (feketeszén)","","Halál a májra","Gépinduló","-","?","-","Bizalom","Legjobb méreg","-","-","-","-","-","-","-","?","-","Enter Sandman","","-","Hard Rock Hallelujah","Hearts on Fire","?","This is Halloween","-","Bring me to life","","Kicsiny falum?","Take on me"
"Edit",1,0,0,0,0,0,0,0,0,0,1,0,0,1,0,0,0,0,2,0,0,0,0,0,0,0,0,0,2,2,2,0,2,0,0,1,0,0,0,0,0,1,2,0,0,0,0,2,0,0,1,0,0,0,2,0,0,2,2,2,2,2,2,0,0,0,0,0,2,2,2,2,1,0,2,0,0,0,2,2,0,2,2,1,0,2,0,2,2,2,0,2,0,0,2,0,2,2,0,0,2,2,0,0,0,0,2,0,0,0,0,0,2,0,2,0,0,1,0,0,0,2,2,2,0,2,1,2,2,2,0,0,0,0,0,1,2,2,1,1,0,0,0,0,0,1,2,2,2,2,2,0,0,0,2,2,2,0,1,2,0,1,0,0,2,2,1,2,0,0,0,2,2,0,0,2,2,1,1,0,0,0,1,2,0,2,2,2,2,2,1,2,2,0,2,1,2,1,2,2,2,0,2,0,0,0,2,2,1,0,0,2,0,2,2,0,0,2,0,0,0,0,0,0,0,0,0,0,0,0,0,0,0,1,2,"5","5","5","5","5","5","5","5","5","5","5","5","5","5","5","5","5","5","5","5","5","5","5","5","5","5","5","5","5","5","5","5","5","5","5","5","5","5","5","5","5","5","5","5","5","5","5","5","5","5","5","5","5","5","5","5","5","5","5","5","5","5","5","5","5","5","5","5","5","5","5","5","5","5","5","5","5","5","0","0","0","0","0","0","0","0","0","0","0","0","0","5","5","5","5","5","5","5","5","5","5","5","5","5","5","5","5","5","5","5","5","5","5","5","5","5","5","","","","","","","","","","Bojtorján","népdal","Veresegyházi asszonykórus","Lady Gaga","Beethoven","Shubert","","Strauss","Bizet","","","","","","Gerswin","Szenes Iván","","Gershwin","Ella Frigerald","Louis Armstrong","Frank Sinatra","-","Zalatnay Sarolta - Cini","-","-","Austin Powers","-","-","Szécsi Pál","Szenes Iván","Verdi","Francia Himnusz","Judy Garland - Óz","?","-","-","Metallica","Halász Judit - Bródy János","Halász Judit","Horváth Ádám rendezte","MALÉV","Parabola ","Náksi-Brunner","Chucky Berry","Jonny Cash","Bojtorján","","Chris Rea","Joe Cocker","Charlie- Tátrai Tibor","EDDA","Jon Bon Jovi","Deák Bill Gyula","-","Száz folk celsious","","Chuck Berry","Little Richard","Elvis Presley","Hungária","Beatles","HAIR filmzene","Shrek :D, az eredeti előadó nincsen meg","Illés","Omega","The Smiths","The ....","-","Szandi - Fenyő Miklós","Billy Joel","-","Soul asylum","KFT","Jóbarátok filmzene","Samantha Fox","Mötley Crue","-","ACDC","Republic","Queen","Sex Action","Pokolgép","The Ramones","Joanne jett","Wheatus","PiCsa","Tankcsapda","Depeche Mode","-","Blondie","Green Day","The Offspring","-","Rózsaszín Pitbull","Malacka és a tahó","Judas Priest","Metallica","Pokolgép","Slayer","Bathory","Helloween","Lordi","Marilyn Manson - Nightmare before Christmas","-","Evanesence","Ossian","Pokolgép","Eredetileg AHA","Tinódi valami","Gregorian x","angol kalózdal","Ördög útja","Ohm mani padme ohm","Hare krishna, hare rama","Iri alle","What shall we do with the drunken sailor","Jonny boy","Regős ének","Indul el egy úton","Tavaszi szél","-","IX. Szinfónia","","","","Carmen","Bolero","Esküvői induló","Magyar táncok","Carmina Burala","Az asszony ingatag","","","","","Ain't got the swing ","Wonderful World","Strangers in the night","Lollipop","Nem vagyok én apáca","Tequilla","Je ne sais pas","-","When she dances","Nekem a Balaton a Riviéra","Csinibaba","János legyen fent a János Hegyen","Traviata","Marsaielles","Somewhere over the rainbow","Keresztapa","Beverley Hills-i zsaru","Halálos fegyver","Kill them all","Boldog születésnapot","Egy napon mikor Micimackónak semmi dolga nem akadt","Szomszédok főcímzene","MALÉV főcím","Parabola főcím","Duna tévé főcím","When I was a young boy","Ring of fire","Kisfiam így szólt hozzám a dédapám","Jól érzem magam","No return","You can leave your hat on","Jég dupla whiskyvel","Miskolc blues","Cowboy - Dead or alive","Gyilkos ballada","-","Bang","Chainsaw blues","Rock around the clock","","Jailhouse rock","Csavart fel a szőnyeget!","Love, love me do","I've got life","I'm a beliver","Love, love, love","Petróleum lámpa","The House of the Rising Sun","All the leaves are brown","Get around","Nyugi, hugi csak a szivem ég","We didn't start the fire","Turn to black","Runaway train","Balatoni nyár","I'll be there for you","Animal","Kickstart my heart","-","-","-","Don't stop me","Halál a májra","Rocker induló","-","Whatever","Teenage dirtbag","","Az élet a legjobb méreg","Question of time","-","","Basket case","Americana","-","Illegális","A buliban ott leszek","Poisoning minds","Neverland","","","Rock and Roll Angels","Crusader","","Pumpin Song","-","Wake me up inside","Én hazám","Amikor a kis falumban nyugovóra térek","Take on me "
"Elvira",1,0,0,0,0,0,0,0,0,0,0,0,0,0,0,0,2,0,0,0,0,2,0,2,0,0,0,0,2,2,2,0,2,0,0,0,0,0,0,0,0,0,2,2,0,0,0,2,2,0,0,0,0,0,2,0,0,2,2,2,2,2,0,0,0,0,0,2,2,2,2,0,0,0,2,0,0,0,2,2,2,2,0,0,0,0,0,2,2,2,0,0,0,0,0,0,2,2,0,0,2,2,0,0,0,0,2,0,0,0,0,0,0,0,2,0,0,0,0,0,0,0,0,0,0,0,0,0,0,2,2,0,0,0,0,1,2,2,1,1,0,0,0,0,0,0,2,2,2,0,2,0,0,0,2,0,1,0,0,2,0,0,0,0,2,2,0,0,0,0,0,2,0,0,2,2,2,2,2,0,0,0,0,2,2,2,2,2,2,0,0,2,2,2,0,2,2,2,2,0,2,0,0,0,2,0,2,0,0,0,0,0,0,0,0,0,0,0,0,0,0,0,0,2,0,0,0,0,0,0,0,2,0,0,2,"2","4","3","4","1","1","5","2","3","1","4","2","3","2","2","2","2","2","2","2","3","3","3","2","4","3","4","5","5","5","5","4","5","5","5","5","3","2","2","2","2","4","5","5","5","3","2","3","3","3","1","1","5","4","3","3","5","5","4","4","5","3","4","2","2","5","5","5","4","4","3","3","3","3","5","5","3","3","5","4","4","3","4","4","4","3","5","3","4","2","2","2","2","2","1","4","5","2","4","3","3","2","2","1","3","4","2","2","2","2","2","2","1","4","2","2","2","","","","","","","","","","","","","","","","Mozart","","","","","Brahms","","Verdi","","","","","Ella Fitzgerald","Louis Armstrong","Frank Sinatra","","Zalatnay Sarolta","","","","","","","","","","Judy Garland","Ennio Morricone","","","","Halász Judit","Koncz Zsuzsa","","","","","","Johnny Cash","","","Chris Rea","Joe Cocker","Charlie","Edda","Bon Jovi","","","","","","Chuck Berry","Elvis Presley","Fenyő Miklós","The beatles","","","","Omega","","","","Szandi","Billy Joel","Rolling Stones","Soul Asylum","","","","","","AC/DC","Republic","Queen","","","","","","","Tankcsapda","Depeche mode","","","Green Day","The Offspring","","","","","Metallica","","","","","","","","Evanescence","","","","","","","","","","","","","","","Tavaszi szél vizet áraszt","Bad romance ","","","","","Carmen","Bolero","Wedding march","Hungarian dance","Carmina burana","","","","","","","What a wonderful world","Strangers in the night","Lollipop","","Tequila","","","","Nekem a Balaton","","Fenn a János hegyen","","","Over the rainbow","","","","","Boldog születésnapot","Micimackó","","","","","","Ring of fire","","","The blue cafe","You can leave your hat on","Jég dupla whiskeyvel","Elhagyom a várost","Wanted dead or alive","","","","","Rock around the clock","Johhny B. Goode","Jailhouse rock","Csavard fel a szőnyeget","Love me do","I got life","","","Pteróleumlámpa","The house of the rising sun","California dreaming","","Nyugi doki","We didn't start the fire","Paint it black","Runaway train","","I'll be there for you","","","","Big gun","","Don't stop me now","","","","","","","","","","","","","","","","","Enter sandman","","","","","","","","Bring me to life","","","Take on me"
"Joci",1,0,0,0,0,0,0,0,0,0,0,0,0,0,0,0,0,0,0,0,0,0,0,0,0,0,0,0,0,2,0,0,2,0,0,0,0,0,0,0,0,0,0,0,0,0,0,2,0,0,0,0,0,0,0,0,0,0,0,2,0,2,0,0,0,0,0,0,0,2,2,0,0,0,2,0,0,0,0,0,0,0,0,0,0,0,0,0,0,2,0,0,0,0,1,2,2,0,0,0,2,0,0,0,0,0,0,0,0,0,0,0,0,0,2,0,0,0,0,0,0,0,0,2,2,2,0,0,0,2,0,0,0,0,0,0,0,0,0,0,0,0,0,0,0,0,2,0,0,2,0,0,0,0,0,0,2,2,0,2,0,0,0,0,2,2,0,0,1,0,0,0,0,0,0,0,2,0,0,0,0,0,0,0,0,0,2,0,0,0,1,2,0,0,0,0,0,0,2,0,1,0,0,0,0,2,0,0,0,0,1,1,0,0,0,0,0,2,0,0,0,0,0,0,0,0,0,0,0,0,0,0,0,0,2,"0","0","0","0","0","0","0","0","0","0","0","0","0","0","0","0","0","0","0","0","0","0","0","0","0","0","0","0","0","0","0","0","0","0","0","0","0","0","0","0","0","0","0","0","0","0","0","0","0","0","0","0","0","0","0","0","0","0","0","0","0","0","0","0","0","0","0","0","0","0","0","0","0","0","0","0","0","0","0","0","0","0","0","0","0","0","0","0","0","0","0","0","0","0","0","0","0","0","0","0","0","0","0","0","0","0","0","0","0","0","0","0","0","0","0","0","0","","","","","","","","","-","-","-","-","-","-","-","-","-","-","-","-","-","-","-","-","-","-","","","Louis Armstrong","","","Zalatnay Sarolta","-","","","","","","","","","","","","","","Halász Judit","","","","","","","","","","","","Charlie","","Bon Jovi","","","","","","","","Fenyő Miki","Beatles","","","","Omega","","","","","","","Bon Jovi","","","","","","","","Queen","","","","","Teenage Dirtbag","Alvin és a Mókusok","Tankcsapda","","","","Green day","","the offspring","","","","","","","","","","","","Evanesence","","","","-","-","?","-","-","Hare Krishna","Loituma","what shall we do with the drunken sailor","-","-","-","tavaszi szél","-","-","-","-","-","-","-","-","-","-","-","-","-","-","","","what a wonderful world","","","nem vagyok én apáca","-","","","","","","János legyen fenn a János hegyen","Francia himnusz (Mairselles ?! -nemtudom hogy kell írni :D)","","Over the rainbow","","","","","Boldog születésnapot","Micimackó","","","Delta műsor zenéje","","","","Szőke hajú lány","Élj Boldogan","Where have you been?","","Jég dupla whiskeyvel","","","","","","","","","","csavard fel a szőnyeget","","","","Love","Petróleum lámpa","Blue Jeans","","","","","","Runaway train","Kék szemű lány","Friends","","","","","16 tonna fekete szén","","","","","Avril LAvigne","Wheatus","","","","","","Basket case","","","","","","","","","","","","","","","","","take on me"
"Kinga",2,2,2,2,2,2,2,0,0,2,2,2,2,0,0,0,0,0,0,2,0,0,0,2,2,2,2,2,0,0,0,2,2,2,0,2,0,2,2,0,0,2,2,2,2,2,2,0,0,0,2,2,0,0,0,0,0,2,0,2,2,2,0,0,2,0,0,0,0,0,0,0,0,0,0,0,0,0,0,0,0,0,0,0,0,0,0,0,0,0,0,0,0,0,0,0,0,0,0,0,0,0,0,0,0,0,0,0,0,0,0,0,0,0,0,0,0,0,0,0,0,0,0,0,0,0,0,0,0,0,0,0,0,0,0,0,0,0,0,0,0,0,0,0,0,0,0,0,0,0,0,0,0,0,0,0,0,2,0,0,0,0,0,2,2,2,0,2,2,0,2,0,1,0,0,2,2,0,0,2,2,2,2,0,0,0,0,2,2,2,0,0,0,2,2,1,0,2,2,0,2,2,0,0,0,0,0,0,0,0,0,0,0,0,0,2,2,2,0,0,2,0,0,0,0,0,0,0,0,0,0,0,0,0,0,0,0,0,0,0,0,0,0,0,0,0,0,0,0,0,0,0,0,0,0,0,0,0,0,0,0,0,0,0,0,0,0,0,0,0,0,0,0,0,0,0,0,0,0,0,0,0,0,0,0,0,0,0,0,0,0,0,0,0,0,0,0,0,0,0,0,0,0,0,0,0,0,0,0,0,0,0,0,"0","0","5","0","5","0","0","5","0","0","5","0","0","0","0","0","0","0","0","0","0","0","0","0","0","0","0","0","0","0","0","0","0","0","0","0","0","0","0","5","0","5","0","5","5","5","0","0","0","0","0","5","0","0","0","5","0","0","0","0","0","0","4","0","0","0","0","0","0","0","0","0","0","0","0","0","0","0","0","0","0","0","0","0","0","0","0","0","0","0","0","0","0","0","0","0","0","0","0","0","0","0","0","0","0","0","0","0","0","0","0","0","0","0","0","0","0","0","0","0","0","0","0","0","0","0","0","0","0","0","0","0","0","0","0","0","0","0","0","0","0","0","0","0","0","0","0","0","0","0","0","0","0","0","0","0","Cserháti Zsuzsa","Christina Aguilera","Michael Jackson","Zámbó Jimmy","Justin Timberlake","Madonna","-","-","Beyonce","Jennifer Lopez","Whitney Houston","V-tech","-","-","-","-","-","-","Gloria Gaynor","-","-","-","Neoton","Máté Péter","Back 2 black","Szűcs Judit","Madonna","Spice girls","Robbie Williams","Britney Spears","Baby sisters","Backstreet boys","Hip Hop boys","-","Padödő","-","Anastasia","Vénusz","-","-","2pac","Eminem","Rapülők","Sub Bass Monster","Coolio","50cent","-","-","-","Gorillaz","Animal Cannibals","-","-","-","-","-","Aqua","-","Happy gang","Vengaboys","Mr Prezident","-","-","Ámokfutók","Alvin és a mókusok mese","","","","","","","","","","","","","","","","","","","","","","","","","","","","","","","","","","","","","","","","","","","","","","","","","","","","","","","","","","","","","","","","","","","","","","","","","","","","","","","","","","","","","","","","","","","","Boldogság gyere haza","-","Heal the world ?","-","-","-","Where is the love?","Crazy","Beautiful Liar","-","I will always love you","Vele minden jó","-","I feel good","-","Play the funky music","-","-","I will survive","Hot Stuff","-","-","Kétszázhúsz felett","Zene nélkül mit érek én?","Szerelembomba","Táncolj még","-","-","Millenium","Toxic","Szeresd a testem","Larger than life","Megbántottak mostmár nem bánom","-","-","Love me","Paid my dues","Régi nyár","Sing Halleluja","-","California love","The real slim shady","-","Pörög a fekete lemez","Gangsta's paradise","-","-","-","-","-","-","-","-","-","-","-","-","-","Fiatal szerelem","Salalalala","Coco Jambo","-","Kiss kiss","Szomorú szamuráj","Ui Uaa","","","","","","","","","","","","","","","","","","","","","","","","","","","","","","","","","","","","","","","","","","","","","","","","","","","","","","","","","","","","","","","","","","","","","","","","","","","","","","","","","","","","","","","","","","",""
"Edit",2,2,2,2,2,2,0,2,0,2,2,2,2,0,2,0,0,0,0,2,2,2,0,2,2,2,2,2,0,0,0,2,2,2,2,2,1,0,2,0,0,0,2,2,2,2,0,0,0,2,2,2,0,2,2,2,0,0,0,2,0,0,0,0,2,0,0,0,0,0,0,2,0,0,0,0,0,0,0,0,2,0,0,2,0,0,2,0,0,0,2,0,0,0,0,0,0,0,0,0,0,2,0,2,0,0,0,0,0,0,0,2,2,2,0,0,0,2,0,0,2,0,0,0,0,2,0,0,0,0,0,0,0,0,0,0,2,0,0,0,2,0,2,0,0,0,0,0,0,0,0,2,2,0,0,0,0,2,0,0,0,0,0,2,2,0,0,2,2,0,0,0,2,0,2,2,2,2,0,2,2,2,2,1,0,0,0,2,2,0,2,0,2,0,2,1,0,1,2,2,0,2,0,0,0,0,2,1,0,2,2,2,0,0,2,2,1,2,0,1,1,2,0,0,0,0,0,0,0,0,0,0,0,0,0,2,2,0,0,1,0,2,0,0,0,0,0,0,2,0,0,0,0,2,0,0,0,2,0,0,2,0,0,0,0,1,0,0,1,0,2,0,2,0,0,0,2,0,1,0,0,2,2,0,0,0,0,0,0,0,0,0,0,0,0,0,1,0,0,0,0,0,0,0,0,0,0,2,0,2,2,0,0,"5","5","5","5","5","5","5","5","5","5","5","5","5","5","5","5","5","5","5","5","5","5","5","5","5","5","5","5","5","5","5","5","5","5","5","5","5","5","5","5","5","5","5","5","5","5","5","5","5","5","5","5","5","5","5","5","5","5","5","5","5","5","5","5","5","3","3","3","3","3","3","3","3","3","4","5","3","3","0","0","0","0","0","0","0","0","0","0","0","0","0","4","4","4","4","4","4","4","4","4","4","4","4","4","5","5","5","5","5","5","5","5","5","5","5","5","5","5","5","5","5","5","5","5","5","5","5","5","5","4","5","5","5","5","5","5","5","5","5","5","5","5","5","5","5","5","5","5","5","5","5","5","5","5","5","5","Cserháti Zsuzsa","Christina Aguillera","Michael Jackson","Zámbó Jimmy","Justin Timberlake","","Black Eyed Peas","Cyloo Green","Beyonce","Jennifer Lopez","Whitney Houston","V-tech","Bódi Guszti","James Brown","-","Ottawan","KC and the sunshine band","","Gloria Gaynore","Donna Summer","Boney M","-","Neoton Família","Máté Péter","Back to Black","Szűcs Judit","Madonna","Spice Girls","Robbie Williams","Britney Spears","Baby Sisters","Backstreet Boys","Hip Hop Boyz","Ace of base","PA DÖ DŐ","Rómeó és Júlia filmzene","Macy Gray","Vénusz zenekar","Dr Alban - Dj Bobo","Downfunk MCs","-","Eminem","Rapülők (LGT)","Sub Bass Monster","Coolio","-","Dr Dre","Othello","Notorius B.I.G.","Damon Albarn - Gorillaz","Animal Cannibals","RUN DMC","Banana Ramas","Kyle Minogue","Right Said Fred","Blünchen","Dj Bobo","Soho party ","Happy Gang","-","La bouche","UFÓ","-","Ámokfutók - Kozsó","-","X-akták","Jean Jack Peary","Tony Dissevelt","Paul Hardcastle","Jean Jack Peary","Kraftwerk","Panta Rei","Kraftwerk","Kid Baltan","-","Delia Derbyshire","Neo","Korda György","-","Run DMC","","-","Daft punk","Jamiroqui","-","Fat boy slim","The chemical brothers","-","-","Madonna","Dopplereffekt","Alice Cooper","Aviici","David Guetta","-","-","Gigi D'Agustino","Moby","-","-","Kozmix","Supernem","Ágnes Vanilla (Náksi és Brunner)","Warpigs","-","-","-","-","-","Europe","Pet Shop Boys","Első Emelet","Bonanza Banzai","Adam and the Ants","-","Jonny Summerville - No Doubt is","Galla Miklós ","-","Puddle of Mud","T.A.T.U.","Sena - Irie Maffia","Mr Incredible","-","NOX","Vad Fruttik","Wellhello","-","-","-","-","Stefan Raab","-","-","Falco","-","Marilyn Manson","-","-","Naksi és Brunner","Rammstein","-","Ákos","Neo","Mike Oldfield","-","Sade","Enya","-","Jonny Cash :D","-","Enya","Mike Oldfield","Shakira","Yami","------","Aradszki László","Boldogság gyere haza","Strong","-","-","-","","Where is the Love","Crazy","","","I will always love you","Vele minden szép","Szerressük egymást gyerekek","So good","-","Play the funky music white boy","","The hustle","I will survive","Hot stuff","Ma Barker","Body","220 felett","Zene nélkül mit érek én","Szerelembomba","Táncolj, gyere táncolj még","Beautiful Child ","Everything","Millenium","Toxic","Szeresd a testem baby","Larger than life","-","The sign","Buli van","Lovefool","","Régi nyár","Sing Halleluja","Motown RAP","California","The Real Slam Shady","Lesz még rosszabb","-","Gangsta's Paradise","Girl","Roll'em","Othello","Notorious song","Clint Eastwood","Budapest","Butt song","Venus","Locomotion","Don't talk just kiss","Flower song","Dr Jones","Napolaj","Fiatal Szerelem","My heart goes lalala","Coco Jumbo - Put me up","Láthatalan","Kiss-Kiss-Kiss","Szamuráj dal","Witch doctor","","","-","Loop song","-","-","Robot","","","-","Sphere music","","","Pump up the jam","It's like that","Trift Shop","-","One more night","Cosmic Girl","Crying at the discotechque","Doppleganger spank, valami ilyesmi :D","One more time","-","-","-","Sweet time","Poison","-","","-","-","Call on me","Evolution","-","Düp düp ....","Kozmix a házban","Buli van","Titok","Nelli az elefánt itt van újra","How does it feel?","-","-","-","Oh oh","Flame of love","Puzzled","Filmzene","Induljon a Banzai","Tainted Love","-","It's my life","Motoros futó","-","Dangerous","Not gonna get us","Party","Boyaka","-","Magyar Táncok","Senkim sincsen","Maradjatok gyerekek","-","Afro","Party time","-","Einze","Peace song","Are you there?","Angel","-","Rebel Bitch","Souleater","-","Techno Party","Angel","Alice in Wonderland","Vadászat","Cél","Chill","-","-","-","-","Ring of fire","I need to find my way","Sail away","Never going to cry","La Luna","Return to inocence","Hare Krisna Géza Shampoo","Harangszó"
"Gábor",2,0,0,2,2,0,0,0,2,0,0,0,0,0,0,0,0,0,0,0,0,1,0,2,0,0,0,0,0,0,0,0,2,0,0,2,0,0,0,1,0,0,2,2,0,0,0,0,0,0,0,2,0,0,0,0,0,0,2,0,0,0,0,0,2,0,0,0,0,0,0,0,0,0,0,0,0,0,0,0,0,0,0,0,0,0,0,0,0,0,2,0,0,0,0,0,0,0,0,0,0,0,0,0,2,0,0,0,0,0,0,0,0,2,0,0,0,2,0,0,2,0,0,0,0,2,2,0,0,0,0,0,0,0,0,0,0,0,0,0,2,0,0,0,0,0,0,0,0,0,0,2,0,0,0,0,0,2,0,0,2,0,0,0,2,0,0,1,0,0,2,0,0,0,0,2,0,0,0,2,2,0,2,0,0,0,0,2,0,0,1,0,1,0,1,1,0,0,0,2,0,0,0,0,0,0,0,2,0,0,0,2,0,0,2,0,0,1,0,0,2,0,2,0,0,0,0,0,0,0,0,0,0,0,0,0,0,0,0,2,0,0,0,0,0,0,2,0,2,0,0,0,0,0,0,0,0,0,0,1,2,0,0,0,0,0,0,0,0,2,0,0,0,0,0,0,1,0,0,0,0,2,2,0,0,0,0,0,0,0,0,0,0,0,0,0,2,0,0,0,0,0,0,0,0,0,0,0,0,0,0,0,0,"4","4","5","2","2","3","3","4","2","2","4","2","1","3","2","2","1","1","3","2","2","1","2","3","1","2","2","2","2","5","3","3","1","1","1","1","4","2","1","2","2","2","1","3","3","1","1","1","1","1","3","1","3","2","2","3","5","1","3","1","1","1","1","2","4","3","1","1","1","1","1","1","2","1","1","3","2","2","2","2","1","1","2","2","3","2","1","2","1","5","3","2","2","3","2","1","1","2","1","2","3","2","3","1","3","2","4","2","2","2","2","3","4","2","3","3","2","3","2","4","1","1","1","2","5","5","2","1","2","1","1","2","2","1","1","1","1","1","1","3","2","3","3","4","3","1","4","2","2","2","3","3","5","2","4","1","Zalatnay Cini?","Maria Carrey","Michael Jackson","Zámbó Jimmy","-","-","-","Gnarls Barkley","A Victoria Backham csajbandája?","Madonna","Celine Dion","-","Kozsó? Oki? Győzike?","","","-","-","","","-","ugyanaz aki a Rasputint is cisnálta","-","Neoton familia","","","","","","","Britney Spears","TNT?","Backstreet boys","","","Padödö","Pussycat dolls?","","","Szeged","","","Eminem","Repülők / Geszti Péter","Animal Canibal","","","","","","","Animal Cannibal","","","","","","","UFO","Véletlen","","","","","Ámokfutók","","","","","","","","","","","","","","","","","","","","","","","","","","Madonna","","Alice Cooper","","","","","","","","","","","","Kozmix? Kerozin?","","","","","","","","","Ákos","Depeche Mode","","","Galla Miklós","","","Tatu","","","","","Vad Fruttik","Kelemen Kabátban","","","","","","","","","","Mindless self indulgence","","","","Rammstein","","","","","","","","","","","Enya","","","","","","Boldogság gyere haza","?","","Egyszer megjavulok én","-","-","-","Crazy","-","-","And Iiii'l be in love with youuu vagy valami hasonló","-","","I feel good","","Baby, I like you","-","","I will survive","-","","-","220 felett","Zene nélkül mit érek én","","Táncolj még!","","","","Toxic","Szeresd a testem bébi","","","I saw a sign","Bye bye Szása","Lovely","","Régi vágy..?","Sing hallelujah","","","","Lesz még rosszabb","","","","","","","","Budapest nyáron (sokkal szabadabb)","Can't touch this","Honey","Come on baby","Don't talk just kiss","","","Szerelem napolaj","","TNT","Cocojumbo","Hajthatatlan","","Szomorú Szamuráj (fú bmeg)","","Dr Who zenéje","","","","","","","","","","","","","","","","","One more time","","","","","","","Hung up ","","Poison","","Telenor/Telekom reklám","","","","","","","","","Nézz a fény felé","Nelly az elefánt","","","","","","","","","Indián tánc","","","","","","","Not..nananana","","","","","Senkim sincsen","Maradjatok gyerekek","","","","","","","","","","","","","","Engel","","","","","","","","","","Tűzszekerek?","","Várunk rád itt megtalálsz","","","",""
"Évi",2,2,2,2,2,2,2,0,0,2,2,2,2,0,2,0,0,0,0,2,2,2,0,2,2,2,2,2,0,0,0,2,2,2,2,2,2,2,2,0,0,0,2,2,2,2,0,0,0,2,0,2,0,2,2,0,0,0,2,2,2,2,2,0,2,0,0,0,0,0,0,0,0,0,0,0,0,0,0,2,0,0,0,0,0,0,0,0,0,0,2,0,0,0,0,0,0,0,2,0,0,2,0,2,0,0,0,0,0,0,0,2,2,2,0,0,0,0,0,0,0,0,0,0,0,0,0,0,0,0,0,0,0,0,0,0,0,0,0,0,0,0,2,0,0,0,0,0,0,0,0,2,0,0,2,0,0,2,0,0,0,0,0,2,2,0,0,2,0,0,2,0,2,0,0,2,2,0,0,2,2,0,1,0,0,0,0,2,2,0,2,2,0,0,2,1,0,1,0,2,0,2,0,0,0,0,0,0,0,0,2,1,0,0,2,0,2,2,2,1,1,0,0,0,0,0,0,0,0,0,0,0,0,0,0,0,2,0,0,2,0,2,2,2,0,0,2,0,2,0,0,2,0,0,0,0,0,0,0,0,0,0,0,0,0,0,0,2,0,1,0,0,0,0,0,0,0,0,0,0,0,0,0,0,0,0,0,0,0,0,0,0,0,0,0,0,0,0,0,0,0,0,0,0,0,0,0,0,0,0,0,0,0,"0","0","0","0","0","0","0","0","0","0","0","0","0","0","0","0","0","0","0","0","0","0","0","0","0","0","0","0","0","0","0","0","0","0","0","0","0","0","0","0","0","0","0","0","0","0","0","0","0","0","0","0","0","0","0","0","0","0","0","0","0","0","0","0","0","0","0","0","0","0","0","0","0","0","0","0","0","0","0","0","0","0","0","0","0","0","0","0","0","0","0","0","0","0","0","0","0","0","0","0","0","0","0","0","0","0","0","0","0","0","0","0","0","0","0","0","0","0","0","0","0","0","0","0","0","0","0","0","0","0","0","0","0","0","0","0","0","0","0","0","0","0","0","0","0","0","0","0","0","0","0","0","0","0","0","0","Cserháti Zsuzsa","Christina Augliera","Michael Jackson","Zámbó Jimmy","Justin Timberlake","Madonna","-","-","Beyoncee","Jennifer Lopez","Whitney Houston ","V-tech","-","James Brown","-","-","-","-","Gloria Gaynor","Donna Summer","Boney M","-","Neoton Familia","Máté Péter","Back to black","Szűcs Judit","Madonna","Spice girls","","Britney Spears ","Baby sisters","Backstreet boys ","Hip hop boys","Ace of base","padödö","cardigans","Anastasia","Vénusz","Dr Alban","-","-","Eminem","Rapülök","Sub bass monster","Coolio ","-","Dr Dree","-","Notorious B.I.G","-","Animal Canibals","-","bananarama","Kylie Minogue","-","-","-","UFO ","Happy Gang","Vengaboys","Mr. President","4 F Club","-","Kozsó","-","-","-","-","-","-","-","-","-","Jean Michel Jarre","-","-","Kraftwerk","-","Technotronic","-","-","-","-","Phats and small","-","-","-","-","Ice MC","Madonna ","-","-","-","-","-","-","-","robert miles","-","-","kozmix","-","Náksi Brunner","-","-","-","-","-","-","-","Pet shop boys","Első emelet","Ákos","-","-","-","-","-","-","-","-","-","-","-","-","-","-","-","-","-","Rammstein","-","-","Rammstein","-","-","Prodigy","-","-","-","-","Bonanza Banzai","-","-","-","-","Twin peaks","-","-","-","Enya","-","-","Enigma","-","-","Boldogság gyere haza","-","-","-","-","-","Where is the love ","crazy","-","-","I will always love you","","-","feel good","-","Play that funky music","-","-"," I will survive ","hot stuff","-","-","220 felett","Zene nélkül mit érek én","-","Táncolj","-","say you will be there","Millenium","toxic","Szeresd a testem baby","larger than life","-","sign","azt csinálok amit én akarok","-","-","Régi nyár","haleluja","-","california","-","lesz még rosszabb","","Ganxstas paradise","-","-","-","-","-","-","-","-","Locomotion","Kiss","-","-","Napolaj","-","Shalalala","Coco Jambo","Tanga","Kiss","Szamuráj","-","-","-","-","-","-","-","-","-","-","-","-","-","-","-","It is like that ","-","-","One more time we gonna celebrate","-","crying out the discothek","Funk soul brother","king of my castle","-","-","hung up","These sounds fall into my mind","poison","-","-","love takes over","-","-","-","-","-","tiéd a tánc","-","Budapest parádé","-","-","-","-","-","-","-","domino dancing","-","Indián nyár","-","-","-","-","-","-","-","-","-","-","-","-","-","-","-","-","-","-","-","-","-","-","-","-","-","-","-","-","-","-","-","-","-","-","-","-","-","-","-","-","-","-","-"
"Joci",2,0,0,2,2,0,0,2,0,0,2,0,2,0,0,0,0,0,0,1,0,0,0,0,0,0,0,2,0,0,0,0,2,2,0,2,0,2,0,0,0,2,2,2,2,0,0,0,2,2,0,2,0,0,0,0,0,0,0,2,0,0,0,0,2,0,0,0,0,0,0,0,0,0,0,0,0,0,0,0,0,0,0,0,0,0,0,0,0,0,2,0,0,2,2,0,0,0,0,0,0,0,0,0,0,0,0,0,0,0,0,0,2,2,0,0,0,0,0,0,0,0,0,0,0,0,0,0,0,0,0,0,0,0,0,0,0,0,0,0,0,0,0,0,0,0,0,0,0,0,0,0,0,0,0,0,0,2,0,0,0,0,0,2,2,0,0,2,0,0,2,0,0,0,0,0,0,0,0,0,0,0,2,0,0,0,0,0,0,0,0,0,1,0,0,1,0,2,0,0,2,0,0,0,1,0,0,0,0,0,0,0,0,0,0,2,0,2,0,0,2,0,0,0,0,0,0,0,0,0,0,0,0,0,0,0,0,0,0,0,0,2,2,0,0,0,0,0,0,0,2,0,0,0,0,0,0,0,0,0,0,0,0,0,0,0,0,0,0,0,2,0,1,0,0,0,0,0,0,0,0,0,0,0,0,0,1,0,0,0,0,0,0,0,0,0,0,0,0,0,0,0,0,0,0,0,0,0,0,0,0,0,0,"0","0","0","0","0","0","0","0","0","0","0","0","0","0","0","0","0","0","0","0","0","0","0","0","0","0","0","0","0","0","0","0","0","0","0","0","0","0","0","0","0","0","0","0","0","0","0","0","0","0","0","0","0","0","0","0","0","0","0","0","0","0","0","0","0","0","0","0","0","0","0","0","0","0","0","0","0","0","0","0","0","0","0","0","0","0","0","0","0","0","0","0","0","0","0","0","0","0","0","0","0","0","0","0","0","0","0","0","0","0","0","0","0","0","0","0","0","0","0","0","0","0","0","0","0","0","0","0","0","0","0","0","0","0","0","0","0","0","0","0","0","0","0","0","0","0","0","0","0","0","0","0","0","0","0","0","","","Michael Jackson","Zámbó Jimmy","","","Black Eyed Peas","","Destiny's child","Jennifer Lopez","Tina Turner","V-tech","","","","","","","I will survive","","","","","","","","Madonna","","Robbie Williams","Britney Spears","Szeresd a testem","Backstreet boys","Hip Hop boyz","","Pa dö dö","","Anastacia","","","","2pac","Eminem","Rapülők","Subb bass monster","","","Dr Dre","DMX","Notorius BIG","","Animal Cannibals","","","","","","","","Happy gang","","","","","Ámokfotók","","","","","","","","","","","","","","","","","","","","","","","","","","MAdonna","","","safri duo","Avicii","","","","","","","","","","","","","","","","","","Első emelet","Ákos","Marilyn Manson","","","","","","","","","","","","","","","","Pendulum","","","","","","","","","","","","","","","","","","","","","","","","","","","boldogság gyere haza","","","","","","where is the love","Crazy","","","I will always love you","Velem","","I feel good","","","","","","","Santa Maria","","","Mond mit ér","","gyere táncolj még","","","","Toxic","","","","","","Love me","","","Hallelujah","","California love","Please stand up","Soha ne félj","Pörög a fekete lemez","","","the next episode","party up","can't you see","","","","","","","","","Nyár van","Fiatal szerelem","","Coco jambo","","","Szomorú szamuráj","","","","","","","","","","","","","","","","","?","","?","","Crying at the discotek(?)","Funk soul brother","","","","","","","","Wake me up","","","?","","","","Tánc","?","Táncolj Bp. parádé","","","","","","","","","","","Tainted love","","Lose my life","","","","","?","","","","","","","","","Tarantula","","","","","","","","","","","","","","","","","","","","","","","","","",""
"Elvira",2,2,2,2,2,2,2,2,2,2,2,2,0,0,2,0,0,0,0,2,2,2,0,2,0,0,2,2,0,0,0,0,2,0,2,2,2,2,0,0,0,2,2,2,0,2,0,2,0,2,2,2,0,2,2,2,0,0,0,2,0,2,0,0,0,0,0,0,0,0,2,0,0,0,0,0,0,0,0,0,2,0,0,2,0,2,2,0,0,0,2,0,0,2,2,2,2,0,2,0,0,0,0,0,0,2,0,2,2,2,0,2,0,2,2,0,0,0,2,0,2,0,0,0,0,2,0,2,0,0,0,0,0,0,0,0,0,0,0,0,2,0,2,0,0,0,0,0,0,0,0,2,2,0,2,0,0,2,0,2,0,2,0,2,2,0,0,2,0,0,2,2,2,0,2,2,2,2,0,0,0,0,2,0,0,0,0,0,2,0,2,0,2,2,0,1,0,2,2,2,0,2,0,0,0,2,2,0,0,2,2,2,0,0,0,0,0,2,0,0,0,0,0,0,0,0,1,0,0,0,0,0,0,0,0,2,2,2,0,2,0,2,0,2,0,2,2,0,2,0,2,2,0,2,0,0,0,0,0,0,0,0,0,2,2,0,2,2,0,2,2,0,0,0,0,0,2,0,0,0,0,2,0,0,0,0,0,0,0,0,0,0,0,0,0,0,2,0,2,0,0,0,0,0,0,0,0,0,2,0,2,0,0,"4","2","3","1","5","3","3","5","2","2","4","1","2","5","4","4","4","4","5","4","4","2","3","2","2","2","2","2","3","2","2","2","2","2","2","2","2","2","2","4","5","2","5","3","4","4","5","5","5","3","2","3","5","5","5","3","2","3","2","2","3","2","2","2","2","1","4","2","2","4","2","2","2","4","3","2","2","2","5","4","4","4","4","4","4","3","3","4","3","2","3","2","4","3","3","4","3","4","4","2","2","2","2","2","5","2","5","4","3","4","4","2","5","4","5","5","1","3","4","3","3","3","2","2","4","3","3","2","2","2","4","2","4","2","3","2","1","2","1","5","1","5","1","4","5","4","4","3","3","4","4","4","4","4","1","1","Cserháti Zsuzsa","Christina Aguilera","Michael Jackson","Zámbó Jimmy","Justin Timberlake","Madonna","The black eyed peas","Gnarls Barkley","Beyonce and Shakira","Jennifer Lopez","Whitney Houston","","","James Brown","","","","","Gloria Gaynor","Donna Summer","Boney M","","Neoton família","","","Szűcs Judit","Madonna","Spice girls","Robbie Williams","Brintney Spears","","Backstreet boys","","Ace of base","Pa dö dö","The cardigans","Anastacia","","Dr Alban","","2Pac","Eminem","Rapülök","","Coolio","","Dr Dre and Snoop Dogg","","The Notorius BIG","Gorillaz","Animal Cannibals","","Bananarama","Kylie Minogue","Right Said Fred","","","","Happy gang","","Mr President","","","","","","","","","Jean Michel Jarre","","","","","","","","","","Run DMC","","","Daft punk","","Alcazar","Fatboy slim","","","","Madonna","","","Safri duo","Avicii","David Guetta and Kelly Rowland","ATB","","Robert Miles","","","","","","","New order","","A flock of seagulls","Yazoo","Yellow","","Pet shop boys","","Ákos","Soft cell","Talk talk","","","Apollo 440","","TATU","","","","","Vad fruttik","","Kosheen","","","","","","","","","","","","","Rammstein","","Bonanza Banzai","","","","","","","","","Enya","Mike Oldfield","","Enigma","","","Boldogság gyere haza","","Will you be there","","Rock your body","","Where is the love","Crazy","","","I will always love you","","","I feel good","That's the way","Play that funky music","","The hustle","I will survive","Hot stuff","Ma Baker","","","","","Táncolj még","","","Millenium","Toxic","","Larger than life","","The sign","","Lovefool","Paid my dues","","Sing hallelujah","","California love","the real slim shady","Lesz még rosszabb","","Gangsta's paradise","","","","Hypnotize","Clint Eastwood","","","Venus","The loco motion","Don't talk just kiss","","","","","","Coco jamboo","","","","","","","","","Oxygene","","","","","","","","","Pump up the jam","It's like that","Push the feeling on","","One more time","","Crying at the discoteque","","King of my castle","","Get a way","Hung up","These sounds fall into my mind","Poison","","Wake me up","When love takes over","","Call on me","","","","","","","","","","I ran","Don' go","","Send me an angel","Domino dancing","","Indiántánc","Tainted love","It's my life","","","","","Not gonna get us","","","","","Nekem senkim sincsen","","","","","","","","","","","","","","","Engel","","Kihalt minden","","","","","","","","","","Te France","","Return to innocence","",""
"Kinga",3,2,2,0,0,0,2,2,2,2,0,0,0,2,0,0,0,0,2,0,0,0,0,0,0,0,2,0,0,0,0,0,0,0,0,0,0,0,0,0,0,0,0,0,0,0,0,0,0,0,0,0,0,0,0,0,0,0,0,0,0,0,0,0,0,0,0,0,0,0,0,0,0,0,0,0,0,0,0,0,0,0,0,0,0,0,0,0,0,0,0,0,0,0,0,0,0,0,0,0,0,0,0,0,0,0,0,0,0,0,0,0,0,0,0,0,0,0,0,0,0,0,0,0,0,0,0,0,0,0,0,0,0,0,0,0,0,0,0,0,0,0,0,0,0,0,0,0,0,0,0,0,0,0,0,0,0,2,2,2,2,1,0,0,1,0,0,0,0,1,0,2,0,0,2,1,0,0,0,0,0,0,0,0,0,0,0,0,0,0,0,0,0,0,0,0,0,0,0,0,0,0,0,0,0,0,0,0,0,0,0,0,0,0,0,0,0,0,0,0,0,0,0,0,0,0,0,0,0,0,0,0,0,0,0,0,0,0,0,0,0,0,0,0,0,0,0,0,0,0,0,0,0,0,0,0,0,0,0,0,0,0,0,0,0,0,0,0,0,0,0,0,0,0,0,0,0,0,0,0,0,0,0,0,0,0,0,0,0,0,0,0,0,0,0,0,0,0,0,0,0,0,0,0,0,0,0,0,0,0,0,0,0,0,0,0,0,0,0,0,0,0,0,0,0,0,0,0,0,0,0,0,0,0,0,0,0,0,0,0,0,0,0,0,0,0,0,0,0,0,0,0,0,0,0,0,0,0,0,0,0,0,0,0,0,0,0,0,0,0,0,0,0,0,0,0,0,0,0,0,0,0,0,0,0,0,0,0,0,0,0,0,0,0,0,0,0,0,0,0,0,0,0,0,0,0,0,0,0,0,0,0,0,0,0,0,0,0,0,0,0,0,0,0,0,0,0,0,0,0,0,0,0,0,0,0,0,0,0,0,0,0,0,0,0,0,0,0,0,0,0,0,0,0,0,0,0,0,0,0,0,0,0,0,0,0,0,0,0,"Carlos Santana","Las ketchup","-","-","-","Eros Ramazotti","Enrique Iglesias","Ricky Martin","Fiesta","-","-","-","Delhusa Gjon","-","-","-","-","Los lobos","-","-","-","-","-","-","-","Fekete Pákó","-","-","","","","","","","","","","","","","","","","","","","","","","","","","","","","","","","","","","","","","","","","","","","","","","","","","","","","","","","","","","","","","","","","","","","","","","","","","","","","","","","","","","","","","","","","","","","","","","","","","","","","","","","","","","","","","","","","","","","","","","","","","","","","","","","","","Maria Maria","Asere - Ketchup song","Macarena","Bailando","Mamboleo","-","-","Livin la vida loca","-","-","-","-","se perimeno","-","Lambada","-","Baci tango","La bamba","ni na na na","-","-","-","-","-","-","-","-","-","","","","","","","","","","","","","","","","","","","","","","","","","","","","","","","","","","","","","","","","","","","","","","","","","","","","","","","","","","","","","","","","","","","","","","","","","","","","","","","","","","","","","","","","","","","","","","","","","","","","","","","","","","","","","","","","","","","","","","","","","","","","","","","",""
"Évi",3,2,0,0,0,2,2,2,2,2,2,0,0,0,0,2,0,0,0,2,0,0,0,0,2,0,0,0,0,2,0,2,0,0,0,2,0,0,0,0,2,2,0,2,0,0,0,2,0,0,0,2,0,0,0,0,0,0,0,0,0,0,0,0,0,0,0,0,0,0,0,0,0,0,0,0,0,0,0,0,0,0,0,0,1,0,2,0,0,0,2,0,2,2,0,0,0,0,2,0,2,2,0,2,0,2,0,0,0,0,0,0,0,0,0,0,0,0,0,0,0,0,0,0,0,0,0,0,0,0,0,0,0,0,0,0,0,2,0,2,0,1,0,1,0,0,0,0,0,0,0,0,0,0,0,0,0,0,0,2,0,0,0,0,0,0,2,0,0,0,0,2,0,0,2,0,0,0,0,0,0,0,0,0,0,0,2,2,2,0,0,0,0,0,0,0,2,2,0,2,0,0,0,2,0,0,0,0,0,0,0,0,0,0,0,0,0,0,0,0,0,0,0,0,0,0,0,0,0,0,0,0,0,0,0,0,0,0,2,0,0,0,0,0,0,0,2,0,2,0,0,0,0,0,2,0,2,0,0,0,2,0,0,0,0,0,0,0,0,0,0,0,0,0,2,0,0,0,0,0,0,0,0,0,0,0,0,0,0,2,0,0,0,0,0,0,0,0,2,0,0,0,0,0,0,0,0,0,0,0,0,0,2,0,0,0,0,0,0,0,0,0,0,0,0,0,0,0,0,0,0,0,0,0,0,0,0,0,0,0,0,0,0,0,0,0,0,0,0,0,0,0,0,0,0,0,0,0,0,0,0,0,0,0,0,0,0,0,0,0,0,0,0,0,0,0,0,0,0,0,0,0,0,0,0,0,0,0,0,0,0,0,0,0,0,0,0,0,0,0,0,0,0,0,0,0,0,0,0,0,0,0,0,0,0,0,0,0,0,0,0,0,0,0,0,0,0,0,0,0,0,0,0,0,0,0,0,0,0,0,0,0,0,0,0,0,0,0,0,0,0,0,0,0,0,0,0,0,0,0,0,0,0,0,0,0,0,0,0,"Carlos santana","-","-","-","Gipsy kings","Eros Ramazotti","Enrique Inglesias","Ricky Martin","Fiesta","Desperado","-","-","-","-","Caoma","-","-","-","vaia con dios","-","-","-","-","Shakira","-","-","-","-","Bob Marley","-","UB40","-","-","-","Ladánybene 27","-","-","-","-","Aradszky László","Szécsi Pál","-","Lagzi Lajcsi","-","-","-","Bódi Guszti és Margó","-","-","-","Nótár Mary","-","-","-","-","-","-","-","-","-","-","-","-","-","-","-","-","-","-","-","-","-","-","-","-","-","-","-","Sting","-","-","-","-","Ultrasonic","-","Tanita Tikaram","-","-","-","Honeybeast","-","Run D MC, Aerosmith","Lenny Krevitz","-","-","-","-","Roxette","-","Zanzibár","Pink","-","Spice girls","-","Susanne Vega","-","-","-","-","-","-","-","-","-","-","-","-","-","-","-","-","-","-","-","-","-","-","-","-","-","-","-","-","-","-","-","kistehén","-","irigy hónalj mirigy","-","eminem","-","wham","-","-","-","-","-","-","-","-","-","-","-","-","Rick Asley","-","-","macarena","-","-","-","-","-","-","Táncolj","-","-","-","-","Lambada","-","-","la bamba","-","-","-","-","-","-","-","-","-","-","-","sunshine raggie","Kingston town","-Baby, I love your way","-","-","raszta szív","-","-","-","-","Nem csak a 20 éveseké a világ","Egy szál harangvirág ","-","Majd ha nékem sok pénzem lesz","-","-","-","Aranyeső","-","-","-","-","-","-","-","-","-","-","-","-","-","-","-","-","-","-","-","-","-","-","-","-","-","-","Táncolj","-","-","-","-","treat me like a stranger","-","-","lift me up","-","I wanna fly so high","-","-","-","-","-","Te vagy a legnagyobb hős a világon","-","Walk this way","-","-","-","-","-","the look","-","Szerelemről szó sem volt","-","-","-","Hófehér jaguár","-","-","-","-","-","-","-","-","-","-","-","-","-","Opera ház fantomja","-","-","-","-","-","-","-","-","-","-","-","-","-","-","Dallas","-","-","-","kéktó","-","-","-","stand up","play that funky music","-","-","-","-","-","--","-","-","-","-","-","-","-","never gonna"
"Edit",3,2,2,0,0,2,2,2,2,2,0,0,0,2,0,0,0,0,0,2,0,0,0,0,2,0,2,0,0,2,0,2,0,0,0,2,0,0,0,0,2,2,0,0,2,0,0,0,2,0,0,0,0,2,0,2,0,0,0,0,0,0,0,0,0,0,0,0,0,0,0,0,0,0,0,0,2,2,0,0,0,0,2,2,0,2,2,0,2,2,2,2,2,2,0,0,2,0,2,2,2,2,2,0,2,2,0,0,0,0,0,0,0,0,0,0,0,0,2,2,0,0,2,0,0,0,0,0,2,0,0,0,0,2,0,2,0,2,0,2,2,1,0,1,0,0,0,0,0,0,0,0,0,0,0,0,1,2,2,2,0,2,2,0,0,1,0,0,0,1,1,2,2,0,2,1,1,1,0,0,1,0,0,0,0,2,2,2,0,0,2,2,0,0,0,0,2,2,2,0,0,0,0,0,1,0,0,0,0,1,0,0,0,0,0,0,0,0,0,0,0,0,0,0,2,0,0,0,0,0,2,0,0,2,0,0,0,1,2,0,0,0,0,0,1,2,1,2,0,2,0,0,0,2,2,2,2,0,0,0,2,0,0,0,0,1,0,0,0,0,0,0,0,0,2,2,0,0,0,0,0,0,2,0,0,0,0,0,0,2,2,2,0,2,0,2,2,1,1,0,0,0,0,0,0,1,0,0,0,0,0,0,2,5,5,5,5,5,5,5,5,5,5,5,5,5,5,5,5,5,5,5,5,5,5,5,5,5,5,5,5,5,5,5,5,5,5,5,5,5,5,5,5,5,5,5,5,5,5,5,5,5,5,5,5,4,4,4,4,4,1,4,4,4,4,4,4,4,5,5,5,5,5,5,5,5,5,5,5,5,5,5,5,5,5,5,5,5,5,5,5,5,5,5,5,5,5,5,5,5,5,5,5,5,5,5,5,5,5,5,5,5,5,5,5,5,5,5,5,5,5,5,5,5,5,5,5,5,5,5,5,5,5,5,5,5,5,5,5,5,5,5,5,5,5,5,2,2,2,2,2,1,5,5,4,4,5,4,5,"Carlos Santana ","Las Kechup","-","-","The Gipsy Kings","Eros Ramazotti","Enrique Igliesias","Ricky Martin","Fiesta","-","-","-","Delusha John (Jonny)","-","-","-","-","-","Vaya con Dios","-","-","-","-","Shakira","-","Fekete Pákó","Irie Maffia","-","Bob Marley","-","UB40","Bad Boys movie","-","-","Labánybene 27","-","-","Punnani Massif","Fekete Pákó","Aradszky László","Szécsi Pál","","-","Mc Hawer és Tenkő","Korda György","-","Romano drom","Boban Markovics Orchestra","-","-","-","-","Tarkan","-","Panjabi MCs","-","-","-","Aladdin","-","-","-","Depeche Mode feldolgozás","-","-","Ocarina","-","Vangelis","-","-","-","Heilung","-","","NOX","Besh o Drom","Kaláka","Galla Miklós","","","","Moby","Fatboy Slim","-","Depeche Mode","Tanita Tikaran","-","Anima Sound System","Heaven Street Seven","Honeybeast","Quimby","Aerosmith and Run DMC","Lenny Kravitz","-","Eredetileg Ace of Base","Irie Maffia and Sin Seekas","-","Roxette","Red Hot Chilli Peppers","Zanzibár","Pink","Jazz meg Az","Melanie C","Pély Barnabás","Suzanne Vega","-","DJ Bobo","Björk","-","-","-","-","-","Jamie Cullum","Nightwish eredetileg","Manowar","Aladdin filmzene feldolgozas előtt","Nightwish","Powerwolf","Korpiklaani","Paddy and the Rats","Faun","The Dubliners","Puddle of Mud","Pod","Limp Biscuit","-","Disturbed","Blue Stahli","","Weird Al Yankovic","-","Galla Miklós ","Önvédő Szakkör","Méhek","Rózsaszín Pitbull","Kis Tehén ","-","Irigy Hónajmirigy","Pamkutya","Eninem remix","Cool and the gang - Rammestein","Wham- George Michael","The Antwerp","-","-","Fake news","-","-","-","Mabelle Miku","Future Dub Boy","The chemical brother","","Wolfgang Gartner","Rick Astley - Watson","Maria","The kechup song","Macarena","-","Bambolero","Pue bella cosa","-","Maria (Un, dos, tres) ","Una mi amore ","-","-","-","Me case peri meno","Cocohomo","Lambada","Matilda","Chiqutia - Bácsi Tangó","La bamba","Ne na na na","Alene ","Hanfannana","-","Como como","Vakavaka","Kenyér lesz","Buli vár","Lady","Hunger","I shot the sheriff","Sunshine reggie","Kingston Town","Lalala long","-","King of the Bongo Bong","Kell egy ház","-","-","Legalizáld","Ellenség","Nem csak a húszéveseké a világ","Egy szál harangvirág","Hajmási Péter, Hajmási Pál","Én a sok pénzt nem sajnálom","Sublótarcú a babám","Húzd rá cigány","A boldogság felé","Temerám","Macskajaj","-","Polo pop","Kimaradós dal","Sárga rigó, darázsfészek","Kiss Kiss","Sensation","-","Shükürüm","-","-","City Nights","-","Hunatu","-","-","Wolfs","-","-","Earth song","Ameno","-","-","Irish Rover","Vögle","-","Tűztánc","Nyújsd a kezed","-","Dél keresztje","Gaiana","Goyne","The Ceasars","You're woman ","Lift me up","Evolution","High","Hypnotised","Modern Twist","-","CsinGyereket","Dél-Amerika","Hős","Most múlik pontosan","Kiss","Fly away","-","Sign","-","How let the dogs out","The Look","Scar tissue","Szerelemről szó sem volt","-","Jó lett volna","Sweet sugar","Hófehér jaguár","Cafe song","-","-","-","Le swing","-","-","-","La Luna","Dnce with me","-","Watch out","Frind like me","Phantom of the opera","Sanctus Dominus","Soul","-","Speter","-","World win","","Youth of the nation","Banzai","Bloodstain","","How does it feel","-","-","Dallas","Ne szívjál füvet","Barbie dal","","Cybergyerek","-","Numera király","Aranybulla","The real slim shady","Played the funky music white boy - Nein","","Blocker","-","Space Jam","Infirmary","You are so lame","Face shop","Inka song","Call me Mabelle","Play the funky music ","-","","Közeli helyeken - bocs :D","Never gonna give you up"
"Gábor",3,0,2,0,0,0,0,0,0,0,0,0,0,2,0,0,0,0,0,0,0,0,0,0,2,2,2,0,0,0,0,0,0,0,0,0,0,0,2,0,2,0,0,0,0,0,0,2,1,0,0,0,2,0,0,0,0,0,0,0,0,0,0,0,0,0,0,0,0,2,0,0,1,0,2,0,0,2,0,0,0,0,0,0,0,0,0,0,0,2,2,2,0,0,0,0,2,0,0,0,2,0,0,0,2,0,0,0,0,0,0,0,0,0,0,0,0,0,2,2,0,2,2,2,2,2,0,0,0,0,0,0,0,1,0,2,2,2,2,2,2,1,1,0,0,0,0,0,0,0,0,0,0,1,0,0,0,0,2,2,0,1,0,0,0,1,0,0,0,2,0,0,0,0,0,1,0,0,0,0,2,2,0,0,0,0,0,0,0,0,0,0,0,0,0,1,2,2,0,2,0,0,0,2,0,0,0,0,2,0,0,0,2,2,0,0,0,0,0,0,0,0,0,0,0,0,0,0,0,0,0,0,0,2,0,1,0,0,2,0,0,0,0,0,2,2,2,2,0,0,0,0,2,0,2,0,2,1,0,0,2,0,0,0,0,1,0,0,0,1,0,0,0,0,2,2,0,2,0,1,0,0,0,0,0,0,0,0,0,2,1,1,2,2,2,2,2,0,0,0,0,0,0,0,0,0,0,0,0,0,0,0,1,2,3,5,2,2,3,2,1,2,3,4,1,2,2,3,2,3,3,3,1,3,1,2,4,3,2,2,2,3,3,2,2,3,1,2,1,1,3,5,3,4,3,3,5,2,3,4,2,1,3,3,5,5,4,4,3,5,2,5,2,2,1,5,4,5,5,3,4,5,4,5,5,3,4,3,4,5,4,4,1,3,3,3,3,3,3,2,3,4,5,3,2,3,5,2,5,3,4,3,4,3,1,3,2,1,1,2,4,3,1,3,1,3,3,2,4,4,5,5,5,5,5,0,3,3,3,1,2,1,4,2,3,4,4,4,4,1,5,5,5,4,2,2,1,2,3,4,3,1,3,3,3,3,3,3,3,"","Las Ketchup","az a halom jó nő, meg a két jól öltözött úriember","","","","","","","","","","Delhusa John","","","","","","","","","","","Shakira","Dubem","Fekete Pákó","","","","","","","","","","","","Belga","","Adardszky László","","","","","","","Bódy Guszti és a fekete szemek","Macskajaj","","","","Bohemian Betyars","","","","","","","","","","","","","","Az az indián csapat a Keleti pályaudvarnál","","Gregorian","Enya","Az indián csapat a Keleti aluljáróban","","Vikings main theme","","NOX","NOX","Csík zenekar","Kányádi Sándor, előadja: Kaláka","Ghymes? Demjén Rózsi? miatök?:D","","","","","","","","","","","Heaven Street Seven","Honey Beast","Quimby","","","","","Irie Maffia","","","","Zanzibár","","Repülők","","Pély Barna","","","","","","","","","","","","","","Nightwish","Powerwolf","","Korpiklaani","Faun","Paddy and the Rats","Linkin Park","Papa Roach","Linkin Park","Skrillex","Zardonic","Cellodweller","","","","L'art pour l'art társulat (Dolák Saly)","","Méhek","Belga","Kistehén zenekar","Kovbojok","Irigy Hónaljmirigy","Pamkutya","Eminem","Rammstein","","Skrillex","","","","","","","","","Kung Fury","","","","","Ketchup song","Macarena","","Mambo..ééóó","","","","Óre mi amor..?","","","","Ni ca se perimeno","","","","","","Na nana na?:D","","La bamba","","","Waka Waka","Búzadara","","","","","","","","","","","","","","Windows","Nem csak a húsz éveseké a világ","Egy szál harangvirág","","Hogy ha nékem sok pénzem lesz, lemegyek a mulatóba","","","","Aranyeső","Szilvafácska","Józsi","","","Megjöttek a fiúk","Fata morgana","","","Boro boro","Henna henna","","","","","","","","","","","","","","","If I had a heart","","Eleven tűz","","","Dél keresztje","","used to know","","","Lift me up","","","","","","Csinálj gyermekeket","Dél-Amerika","Legnagyobb hős","Most múlik pontosan","Sweet home Alabama","","","","Hands up in the air","Coffee","She's got the look","","Szerelemről szó sem volt","Perfect girl","","","Hófehér Jaugár","","","","","La swing","","Belleville rendez-vous","","Americano","","toccata","","","Phantom of the Opera","Sanctus Dominus","","Vodka","","Pilgrim on the Hill","","","","","","","","","","Dallas","Ne szívjál","Barbie","Gyaloglás vége?","Szájbergyerek","Télapó","Numerakirály","Aranybula","","Du (hast mich)","","","","","","","","","","","","","Közeli helyeken","Never gonna"
"Elvira",3,2,0,0,0,2,2,2,2,0,0,0,0,2,2,2,0,0,2,2,0,0,0,0,2,0,0,0,0,2,0,2,0,0,2,0,0,0,2,0,0,0,0,0,0,0,0,0,2,0,0,0,0,2,0,2,0,0,0,0,0,0,0,0,0,0,0,0,0,0,0,0,0,0,2,2,2,0,0,0,0,0,2,0,2,0,2,0,2,0,2,2,2,2,0,0,2,0,2,2,2,2,2,2,0,2,2,2,0,0,0,0,0,0,0,0,0,0,2,0,0,0,0,0,2,0,0,0,0,0,0,0,0,0,0,0,2,0,0,2,0,0,0,0,0,0,0,0,0,0,0,0,0,0,2,0,0,2,0,2,0,2,0,0,0,0,0,0,0,0,2,2,2,0,2,0,0,2,0,0,2,0,0,0,0,2,2,2,2,0,2,0,0,0,0,0,0,0,0,0,0,0,0,0,2,0,0,0,0,0,0,0,0,0,0,0,0,0,0,0,0,0,0,0,0,0,0,0,0,0,0,0,2,0,0,2,0,0,2,0,2,0,2,0,0,0,0,2,2,2,0,0,0,0,2,0,0,0,0,0,2,0,0,0,0,0,0,0,2,0,0,0,0,0,0,0,0,0,0,0,0,0,0,0,0,0,0,0,0,0,0,0,0,0,0,0,0,0,0,1,0,0,0,0,0,0,0,0,0,0,2,0,0,3,3,3,3,3,3,3,2,2,1,3,4,3,3,2,4,3,4,5,3,4,3,2,2,1,4,2,3,5,5,5,4,2,3,3,3,2,2,1,2,2,1,1,1,1,1,1,5,1,1,2,2,3,2,4,2,2,2,2,2,2,2,2,2,2,4,4,3,4,4,2,3,4,3,2,5,2,2,4,3,4,5,4,3,2,5,3,4,3,3,4,5,5,5,5,5,3,5,5,3,2,5,2,2,5,5,4,2,4,2,3,2,2,3,1,1,2,3,2,3,2,2,4,4,3,3,2,2,2,3,1,2,1,1,1,5,3,1,2,2,2,3,4,1,3,1,2,1,1,3,2,4,3,5,3,3,"Santana","","","","Gipsy kings","Eros Ramazzotti","Enrique Iglesias","Ricky Martin","","","","","Delhusa Gjon","The beach boys","Kaoma","","","Los lobos","Vaya con dios","","","","","Shakira","","","","","Bob Marley","","UB40","","","Manu Chao","","","","Belga","","","","","","","","","","Emir Kusturica & The no smoking orchestra","","","","","Tarkan","","Panjabi MC","","","","","","","","","","","","","","","","","","","Nox","Crystal","Besh O Drom","","","","","","Moby","","Sonique","","Tanita Tikaram","","Anima sound system","","Honey beast","Quimby","Run DMC and Aerosmith","Lenny Kravitz","","","Irie Maffia","","Roxette","Red hot chilli peppers","Zanzibár","Pink","Jazz+az","Spice girls","","Suzanne Vega","Yonderboi","Zagar","","","","","","","","","","","Nightwish","","","","","","Linkin park","","","","","","","","","","","","Belga","","","Írigy hónaljmirígy","","","","","","","","","","","","","","","The weeknd","","","Maria Maria","","Macarena","","Bamboleo","","","","","","","","","Kokomo","Lambada","Matilda","","La bamba","","","Hafanana","","","Waka waka","","","","","I shot the sheriff","Sunshine reggae","Kingston town","Baby, i love your way","","Bongo bong","","","","","","","","","","","","","","Bubamara","","","","","","","","","","","","","","","","","","","","","","","","","","","","Meggyújtom a pipám","","","Somebody that I used to know","","","Lift me up","","Sky","","Twist in my sobriety","","","","","Most múlik pontosan","Walk this way","Fly away","","","","","The look","","","","","","Hófehér jaguár","","","","","","","","Istanbul","","","","","","","","","","","","","","","","","","","","","","","","","","","","","","","Club tropicana","","","","","","","","","","","Blinding lights","",""
"Joci",3,0,0,0,0,0,0,0,0,0,0,0,0,0,0,0,0,0,0,0,0,0,0,0,0,0,0,0,0,0,0,0,0,0,0,0,0,0,0,0,0,0,0,0,0,0,0,0,0,0,0,0,0,0,0,0,0,0,0,0,0,0,0,0,0,0,0,0,0,0,0,0,0,0,0,0,0,0,0,0,0,0,0,0,0,0,0,0,0,0,0,0,0,0,0,0,0,0,0,0,0,0,0,0,0,0,0,0,0,0,0,0,0,0,0,0,0,0,0,0,0,0,0,0,0,0,0,0,0,0,0,0,0,0,0,0,0,0,0,0,0,0,0,0,0,0,0,0,0,0,0,0,0,0,0,0,0,0,0,0,0,0,0,0,0,0,0,0,0,0,0,0,0,0,0,0,0,0,0,0,0,0,0,0,0,0,0,0,0,0,0,0,0,0,0,0,0,0,0,0,0,0,0,0,0,0,0,0,0,0,0,0,0,0,0,0,0,0,0,0,0,0,0,0,0,0,0,0,0,0,0,0,0,0,0,0,0,0,0,0,0,0,0,0,0,0,0,0,0,0,0,0,0,0,0,0,0,0,0,0,0,0,0,0,0,0,0,0,0,0,0,0,0,0,0,0,0,0,0,0,0,0,0,0,0,0,0,0,0,0,0,0,0,2,0,0,0,0,0,0,0,0,0,0,0,0,0,0,0,0,0,0,0,0,0,0,0,0,0,0,0,0,0,0,0,0,0,0,0,0,0,0,0,0,0,0,0,0,0,0,0,0,0,0,0,0,0,0,0,0,0,0,0,0,0,0,0,0,0,0,0,0,0,0,0,0,0,0,0,0,0,0,0,0,0,0,0,0,0,0,0,0,0,0,0,0,0,0,0,0,0,0,0,0,0,0,0,0,0,0,0,0,0,0,0,0,0,0,0,0,0,0,0,0,0,0,0,0,0,0,0,0,0,0,0,0,0,0,0,0,0,0,0,0,0,0,0,0,0,0,0,0,0,0,0,0,0,0,0,0,0,0,0,0,0,0,0,0,0,0,0,0,0,0,0,0,0,0,0,"Delhusa Gjon","","","","Fiesta","","Ricky Martin","","","","","Las ketchup","","","","Shakira","","","","","","","","","","","Copycon","","","","","","","","","","","","","","","","","","","","","","","","","","","","","","","","","","","","","","","","","","","","","","","","","","","","","","","anima sound system","","","","","","","","","Gotye","","","jazz + az","Pink","","","","","","","","","","","","","","","","","","","","","","","","","","","","","","","","","","","","","","Eminem","","","","","Autópálya","","","Galla Miklós","","","","","","","","","","","","","","","","","","","","","","","","","","Macarena","the ketchup song","","","","waka waka","","","","","","La bamba","","","","","","Legalizáld","","","","","","","","","","","","","","","","","","","","","","","egy szál harangvirág","nem csak a 20 éveseké a világ","","","","","","","","","","","","","","","","","","","","","","","","","","","","","","","","","","","","","","","somebody that I used to know","Hófehér jaguár","","","","szerelemről szó sem volt","","","","","","","","","","","","","Americano","","","","","","wings of love","","","","","","","","","","","","","","","","","","","","","","cyber gyerek","Belga","","","","Dallas","","","","Blinding lights","","","","","","","","","",""
